target_name,target_classification,s_ra,s_dec,calib_level,t_min,t_exptime,classification_id
SN2006X,un1,185.7248333333,15.80894444444,3,54469.88214347,1000.0,0
SN2006X,un2,185.7248333333,15.80894444444,3,54469.86478236,1000.0,111
SN2006X,un3,185.7248333333,15.80894444444,3,54469.79950458,2000.0,178
SN2006X,un4,185.7248333333,15.80894444444,3,54469.79950458,4000.0,189
NGC4321,un5,185.7290156844,15.82292939634,3,49352.5335346,1920.0,200
NGC4321,un6,185.7290156844,15.82292939634,3,49352.53006238,1820.0,211
NGC4321,un7,185.7290156844,15.82292939634,3,49352.53839571,2410.0,222
NGC4321,un8,185.7290156844,15.82292939634,3,49352.53006238,6150.0,233
NGC4321,un9,185.7290156844,15.82292939634,3,49359.43978467,1920.0,244
NGC4321,un10,185.7290156844,15.82292939634,3,49359.43631245,1688.5,1
NGC4321,un11,185.7290156844,15.82292939634,3,49359.44464578,2328.5,12
NGC4321,un12,185.7290156844,15.82292939634,3,49359.43631245,5937.0,23
NGC4321,un13,185.7286666667,15.82186111111,3,51211.98973738,1200.0,34
NGC4321,un14,185.7286666667,15.82186111111,3,51211.98973738,1200.0,45
NGC4321,un15,185.728750000667,15.8224166661491,2,53090.6652893519,5700.0,56
DARK-NM,un16,185.7426018273,15.82321732206,3,58878.0492310995,1800.0,67
DARK,un17,185.8174046025,15.70747593938,1,53155.8919752662,953.0,78
BIAS,un18,185.7235145845,15.81985186046,3,55147.0397310532,0.0,89
BIAS,un19,185.7235145845,15.81985186046,3,55147.0510043981,0.0,100
BIAS,un20,185.7235145845,15.81985186046,3,55147.0525321759,0.0,112
BIAS,un21,185.7235145845,15.81985186046,3,55147.0533421643,0.0,123
BIAS,un22,185.7235145845,15.81985186046,3,55147.0540599537,0.0,134
DARK,un23,185.7520222748,15.81787499062,2,49484.7633962616,1800.0,145
BIAS,un24,185.7520222748,15.81787499062,2,49478.5252017361,0.0,156
BIAS,un25,185.7520222748,15.81787499062,2,49478.526590625,0.0,167
INTFLAT,un26,185.7520222748,15.81787499062,2,49478.5286739931,10.0,174
INTFLAT,un27,185.7520222748,15.81787499062,2,49478.5300628819,10.0,175
BIAS,un28,185.7520222748,15.81787499062,2,49478.5314517361,0.0,176
BIAS,un29,185.7520222748,15.81787499062,2,49478.532840625,0.0,177
INTFLAT,un30,185.7520222748,15.81787499062,2,49478.5342295139,20.0,179
INTFLAT,un31,185.7520222748,15.81787499062,2,49478.5356184375,20.0,180
KSPOTS,un32,185.7520222748,15.81787499062,2,49478.5370073264,1.0,181
KSPOTS,un33,185.7520222748,15.81787499062,2,49478.5383962153,2.6,182
KSPOTS,un34,185.7520222748,15.81787499062,2,49503.2897849884,1.0,183
KSPOTS,un35,185.7520222748,15.81787499062,2,49503.2911738773,2.6,184
BIAS,un36,185.7520222748,15.81787499062,2,49520.5002017014,0.0,185
BIAS,un37,185.7520222748,15.81787499062,2,49520.5015905903,0.0,186
INTFLAT,un38,185.7520222748,15.81787499062,2,49520.5036739236,10.0,187
INTFLAT,un39,185.7520222748,15.81787499062,2,49520.5050628125,10.0,188
BIAS,un40,185.7520222748,15.81787499062,2,49520.5064517014,0.0,190
BIAS,un41,185.7520222748,15.81787499062,2,49520.5078405903,0.0,191
INTFLAT,un42,185.7520222748,15.81787499062,2,49520.5092294792,20.0,192
INTFLAT,un43,185.7520222748,15.81787499062,2,49520.5106183681,20.0,193
KSPOTS,un44,185.7520222748,15.81787499062,2,49520.5120072569,1.0,194
KSPOTS,un45,185.7520222748,15.81787499062,2,49520.5133961458,2.6,195
EARTH-CALIB,un46,185.7520222748,15.81787499062,2,49465.2668683681,14.0,196
EARTH-CALIB,un47,185.7520222748,15.81787499062,2,49465.2682572569,14.0,197
EARTH-CALIB,un48,185.7520222748,15.81787499062,2,49465.2703405903,1.2,198
EARTH-CALIB,un49,185.7520222748,15.81787499062,2,49465.2717294792,1.2,199
EARTH-CALIB,un50,185.7520222748,15.81787499062,2,49465.2738128472,0.35,201
EARTH-CALIB,un51,185.7520222748,15.81787499062,2,49465.2752017361,0.35,202
EARTH-CALIB,un52,185.7520222748,15.81787499062,2,49465.2772850347,3.0,203
EARTH-CALIB,un53,185.7520222748,15.81787499062,2,49465.2786739236,3.0,204
EARTH-CALIB,un54,185.7520222748,15.81787499062,2,49465.4008961458,14.0,205
EARTH-CALIB,un55,185.7520222748,15.81787499062,2,49465.4022850347,14.0,206
EARTH-CALIB,un56,185.7520222748,15.81787499062,2,49465.4043683681,1.2,207
EARTH-CALIB,un57,185.7520222748,15.81787499062,2,49465.4057572569,1.2,208
EARTH-CALIB,un58,185.7520222748,15.81787499062,2,49465.407840625,0.35,209
EARTH-CALIB,un59,185.7520222748,15.81787499062,2,49465.4092294792,0.35,210
EARTH-CALIB,un60,185.7520222748,15.81787499062,2,49465.4113128472,3.0,212
EARTH-CALIB,un61,185.7520222748,15.81787499062,2,49465.4127017361,3.0,213
EARTH-CALIB,un62,185.7520222748,15.81787499062,2,49476.1925628472,14.0,214
EARTH-CALIB,un63,185.7520222748,15.81787499062,2,49476.1939517361,14.0,215
EARTH-CALIB,un64,185.7520222748,15.81787499062,2,49476.1960350694,1.2,216
EARTH-CALIB,un65,185.7520222748,15.81787499062,2,49476.1974239583,1.2,217
EARTH-CALIB,un66,185.7520222748,15.81787499062,2,49476.1995072917,0.35,218
EARTH-CALIB,un67,185.7520222748,15.81787499062,2,49476.2008961806,0.35,219
EARTH-CALIB,un68,185.7520222748,15.81787499062,2,49476.2029795139,3.0,220
EARTH-CALIB,un69,185.7520222748,15.81787499062,2,49476.2043684028,3.0,221
EARTH-CALIB,un70,185.7520222748,15.81787499062,2,49481.8897851042,14.0,223
EARTH-CALIB,un71,185.7520222748,15.81787499062,2,49481.8911739931,14.0,224
EARTH-CALIB,un72,185.7520222748,15.81787499062,2,49481.8932573264,1.2,225
EARTH-CALIB,un73,185.7520222748,15.81787499062,2,49481.8946462153,1.2,226
EARTH-CALIB,un74,185.7520222748,15.81787499062,2,49481.8967295949,0.35,227
EARTH-CALIB,un75,185.7520222748,15.81787499062,2,49481.8981184838,0.35,228
EARTH-CALIB,un76,185.7520222748,15.81787499062,2,49481.9002018171,3.0,229
EARTH-CALIB,un77,185.7520222748,15.81787499062,2,49481.901590706,3.0,230
EARTH-CALIB,un78,185.7520222748,15.81787499062,2,49522.5835350694,14.0,231
EARTH-CALIB,un79,185.7520222748,15.81787499062,2,49522.5849239583,14.0,232
EARTH-CALIB,un80,185.7520222748,15.81787499062,2,49522.5870072917,1.2,234
EARTH-CALIB,un81,185.7520222748,15.81787499062,2,49522.5883961806,1.2,235
EARTH-CALIB,un82,185.7520222748,15.81787499062,2,49522.5904795139,0.35,236
EARTH-CALIB,un83,185.7520222748,15.81787499062,2,49522.5918684028,0.35,237
EARTH-CALIB,un84,185.7520222748,15.81787499062,2,49522.5939517361,3.0,238
EARTH-CALIB,un85,185.7520222748,15.81787499062,2,49522.595340625,3.0,239
VISFLAT,un86,185.7520222748,15.81787499062,2,49503.414090544,35.0,240
EARTH-CALIB,un87,185.7520215723,15.81787379748,2,50200.1390791667,14.0,241
EARTH-CALIB,un88,185.7520215723,15.81787379748,2,50200.1404680556,14.0,242
EARTH-CALIB,un89,185.7520215723,15.81787379748,2,50200.1425513889,1.2,243
EARTH-CALIB,un90,185.7520215723,15.81787379748,2,50200.1439402778,1.2,245
EARTH-CALIB,un91,185.7520215723,15.81787379748,2,50200.1460236111,0.35,246
EARTH-CALIB,un92,185.7520215723,15.81787379748,2,50200.1474125,0.35,247
EARTH-CALIB,un93,185.7520215723,15.81787379748,2,50200.1494958333,3.0,248
EARTH-CALIB,un94,185.7520215723,15.81787379748,2,50200.1508847222,3.0,249
DARK,un95,185.7152103833,15.82417249807,2,51212.010569294,1000.0,250
DARK,un96,185.7248333,15.8089444,2,54094.0925501505,1800.0,251
DARK,un97,185.7248333,15.8089444,2,54094.0224112616,1800.0,252
DARK,un98,185.7248333,15.8089444,2,54094.0474112616,1800.0,253
N4321,un99,185.728583333333,15.8225527788158,2,51291.1786111111,1702.0,254
NGC4321,un100,185.7539166667,15.81736111111,3,49484.67311993,7900.0,2
NGC4321,un101,185.7539166667,15.81736111111,3,49484.8022866,3950.0,3
NGC4321,un102,185.7539166667,15.81736111111,3,49484.67311993,3950.0,4
NGC4321,un103,185.7539166667,15.81736111111,3,49520.40923093,3600.0,5
NGC4321,un104,185.7539166667,15.81736111111,3,49520.40923093,3600.0,6
NGC4321,un105,185.7539166667,15.81736111111,3,49503.30992534,3600.0,7
NGC4321,un106,185.7539166667,15.81736111111,3,49503.30992534,3600.0,8
NGC4321,un107,185.7539166667,15.81736111111,3,49465.36270316,3600.0,9
NGC4321,un108,185.7539166667,15.81736111111,3,49465.23631427,7200.0,10
NGC4321,un109,185.7539166667,15.81736111111,3,49492.9849254,3600.0,11
NGC4321,un110,185.7539166667,15.81736111111,3,49492.9849254,3600.0,13
NGC4321,un111,185.7539166667,15.81736111111,3,49522.41895317,7200.0,14
NGC4321,un112,185.7539166667,15.81736111111,3,49522.41895317,3600.0,15
NGC4321,un113,185.7539166667,15.81736111111,3,49522.54950873,3600.0,16
NGC4321,un114,185.7539166667,15.81736111111,3,49478.44256431,3600.0,17
NGC4321,un115,185.7539166667,15.81736111111,3,49478.44256431,3600.0,18
NGC4321,un116,185.7539166667,15.81736111111,3,49498.28006425,3600.0,19
NGC4321,un117,185.7539166667,15.81736111111,3,49498.28006425,3600.0,20
NGC4321,un118,185.7539166667,15.81736111111,3,49476.16270318,3600.0,21
NGC4321,un119,185.7539166667,15.81736111111,3,49476.16270318,3600.0,22
NGC4321,un120,185.7539166667,15.81736111111,3,49510.21200873,7200.0,24
NGC4321,un121,185.7539166667,15.81736111111,3,49510.21200873,3600.0,25
NGC4321,un122,185.7539166667,15.81736111111,3,49510.27381429,3600.0,26
NGC4321,un123,185.7539166667,15.81736111111,3,49488.49395313,3600.0,27
NGC4321,un124,185.7539166667,15.81736111111,3,49488.49395313,3600.0,28
NGC4321,un125,185.7539166667,15.81736111111,3,49465.23631427,3600.0,29
NGC4321,un126,185.7539166667,15.81736111111,3,49481.85784212,3600.0,30
NGC4321,un127,185.7539166667,15.81736111111,3,49481.85784212,3600.0,31
NGC4321,un128,185.7539166667,15.81736111111,3,50200.16894172,2400.0,32
NGC4321,un129,185.7539166667,15.81736111111,3,50200.10783061,4400.0,33
NGC4321,un130,185.7539166667,15.81736111111,3,50200.10783061,2000.0,35
BIAS,un131,185.7363121974,15.82432500096,3,59361.629115081,0.0,36
BIAS,un132,185.7363121974,15.82432500096,3,59361.6403417477,0.0,37
SN1979C-CLUSTER,un133,185.7442916667,15.79769444444,3,50293.25019169,2600.0,38
SN1979C-CLUSTER,un134,185.7442916667,15.79769444444,3,50293.1863028,11910.0,39
SN1979C-CLUSTER,un135,185.7442916667,15.79769444444,3,50293.33769169,800.0,40
SN1979C-CLUSTER,un136,185.7442916667,15.79769444444,3,50293.38421947,1000.0,41
SN1979C-CLUSTER,un137,185.7442916667,15.79769444444,3,50293.40019169,3900.0,42
SN1979C-CLUSTER,un138,185.7442916667,15.79769444444,3,50293.1863028,2400.0,43
SN1979C-CLUSTER,un139,185.7442916667,15.79769444444,3,50293.31755136,1210.0,44
DARK,un140,185.7426018273,15.82321732206,2,58878.0189407407,1100.0,46
DARK,un141,185.7426018273,15.82321732206,2,58878.0321814815,60.0,47
DARK,un142,185.7426018273,15.82321732206,2,58878.0333851852,60.0,48
DARK,un143,185.7426018273,15.82321732206,2,58878.0387555556,1100.0,49
DARK,un144,185.7426018273,15.82321732206,2,58878.0519962963,60.0,50
DARK,un145,185.7426018273,15.82321732206,2,58878.0531999653,60.0,51
BIAS,un146,185.7426018273,15.82321732206,3,58878.0585703356,0.0,52
BIAS,un147,185.7426018273,15.82321732206,3,58878.0697970255,0.0,53
BIAS,un148,185.7426018273,15.82321732206,3,58878.0713248032,0.0,54
BIAS,un149,185.7426018273,15.82321732206,3,58878.072412963,0.0,55
BIAS,un150,185.7152103833,15.82417249807,2,51211.9999758449,0.0,57
DARK,un151,185.7152103833,15.82417249807,2,51212.0004851042,1200.0,58
DARK,un152,185.7152103833,15.82417249807,2,51212.0148832986,60.0,59
BIAS,un153,185.7152103833,15.82417249807,2,51212.016086956,0.0,60
BIAS,un154,185.7152103833,15.82417249807,2,51212.0210058681,0.0,61
DARK,un155,185.7152103833,15.82417249807,2,51212.0215151273,1200.0,62
DARK,un156,185.7152103833,15.82417249807,2,51212.0359132755,60.0,63
BIAS,un157,185.7152103833,15.82417249807,2,51212.0371169792,0.0,64
BIAS,un158,185.7114624967,15.84042686084,3,59359.6193002662,0.0,65
BIAS,un159,185.7114624967,15.84042686084,3,59359.620828044,0.0,66
BIAS,un160,185.7114624967,15.84042686084,3,59359.6219158218,0.0,68
DARK,un161,185.6915782035,15.85590714725,2,50139.7161565972,1800.0,69
DARK,un162,185.6915782035,15.85590714725,2,50139.7418510417,1800.0,70
EARTH-CALIB,un163,185.6915782035,15.85590714725,2,50139.8918510417,14.0,71
EARTH-CALIB,un164,185.6915782035,15.85590714725,2,50139.8932399306,14.0,72
EARTH-CALIB,un165,185.6915782035,15.85590714725,2,50139.8953232639,1.2,73
EARTH-CALIB,un166,185.6915782035,15.85590714725,2,50139.8967121528,1.2,74
EARTH-CALIB,un167,185.6915782035,15.85590714725,2,50139.8987954861,0.35,75
EARTH-CALIB,un168,185.6915782035,15.85590714725,2,50139.900184375,0.35,76
EARTH-CALIB,un169,185.6915782035,15.85590714725,2,50139.9022676736,3.0,77
EARTH-CALIB,un170,185.6915782035,15.85590714725,2,50139.9036565972,3.0,79
DARK,un171,185.8174046025,15.70747593938,1,53155.8919418171,1000.0,80
ANY,un172,185.8143857783,15.8199036011,2,57473.78018875,702.934448,81
ANY,un173,185.8143857783,15.8199036011,2,57473.71331357,1102.935669,82
ANY,un174,185.8143857783,15.8199036011,2,57473.64706357,1202.936035,83
ANY,un175,185.8143857783,15.8199036011,2,57473.58628838,902.935059,84
ANY,un176,185.8143857783,15.8199036011,2,57473.78856801,802.934753,85
ANY,un177,185.8143857783,15.8199036011,2,57473.72645024,1102.935669,86
ANY,un178,185.8143857783,15.8199036011,2,57473.66123024,1102.935669,87
ANY,un179,185.8143857783,15.8199036011,2,57473.59698283,902.935059,88
ANY,un180,185.8143857783,15.8199036011,2,57473.79823246,802.934753,90
DARK,un181,185.6827118041,15.89543238607,2,51686.1619771644,1800.0,91
DARK,un182,185.6826828901,15.89548048087,2,51686.1369771644,1800.0,92
DARK,un183,185.6826811071,15.89548352797,2,51686.0807271643,1000.0,93
DARK,un184,185.7085800387,15.90576691876,2,51686.0654493866,1000.0,94
NGC4254,un1,184.6911775,14.42203055556,3,54859.80431091,6600.0,0
NGC4254,un2,184.6911775,14.42203055556,3,54860.00153314,1800.0,111
NGC4254,un3,184.6911775,14.42203055556,3,54859.80431091,8400.0,178
NGC4254,un4,184.7059583333,14.416525,3,52074.68697731,560.0,189
NGC4254,un5,184.7059583333,14.416525,3,52074.68697731,560.0,200
DARK,un6,184.6957522765,14.41161725206,2,58931.5416853819,1100.0,211
DARK,un7,184.6957522765,14.41161725206,2,58931.5549261227,60.0,222
DARK,un8,184.6957522765,14.41161725206,2,58931.5561298264,60.0,233
DARK-NM,un9,184.7336128142,14.43488807534,3,58929.8884113426,1800.0,244
NGC4192,un1,183.451,14.90002777778,3,49492.24603505,660.0,0
NGC4192,un2,183.451,14.90002777778,3,49492.25992394,660.0,111
NGC4192,un3,183.451,14.90002777778,3,49492.24603505,1320.0,178
NGC4192,un4,183.45125,14.90044444444,3,49532.33423097,1400.0,189
NGC4192,un5,183.45125,14.90044444444,3,49532.35436986,230.0,200
NGC4192,un6,183.45125,14.90044444444,3,49532.33423097,1630.0,211
NGC4192,un7,183.4508333333,14.90027777778,3,50654.21543647,5000.0,222
NGC4192,un8,183.4508333333,14.90027777778,3,50654.34737946,720.0,233
NGC4192,un9,183.4508333333,14.90027777778,3,50654.41543647,2600.0,244
NGC4192,un10,183.4508333333,14.90027777778,3,50654.36335169,720.0,1
NGC4192,un11,183.4508333333,14.90027777778,3,50654.21543647,9040.0,12
DARK,un12,183.449461162,14.90138881866,2,50843.2921268519,895.9558,23
POST-SAA-DARK,un13,183.4534631688,14.91072559479,3,54168.88521991,486.71817,34
POST-SAA-DARK,un14,183.4535032789,14.91097257168,3,54168.81633102,486.71817,45
DARK,un15,183.4577561348,14.91182654824,2,50843.2921251505,895.9558,56
DARK,un16,183.463504776,14.92066448126,2,50843.2921260069,895.9558,67
POST-SAA-DARK,un17,183.456831383,14.92419401077,3,54168.88519676,486.71817,78
POST-SAA-DARK,un18,183.4568714987,14.92444098729,3,54168.81630787,486.71817,89
POST-SAA-DARK,un19,183.4581542333,14.933559297,3,54168.88520833,486.71817,100
POST-SAA-DARK,un20,183.4581943518,14.93380627341,3,54168.81631944,486.71817,112
DARK,un21,183.442176648,14.9017298969,3,50654.2040216088,1260.0,123
SN1998BU,un1,161.6916666667,11.83541666667,3,51714.80572755,1420.0,0
SN1998BU,un2,161.6916666667,11.83541666667,3,51714.80572755,1420.0,111
NGC3368,un3,161.691125,11.82045555556,3,52239.11406298,560.0,178
NGC3368,un4,161.691125,11.82045555556,3,52239.11406298,560.0,189
SN1998BU-2,un5,161.6917083333,11.83552777778,3,51890.91473658,700.0,200
SN1998BU-2,un6,161.6917083333,11.83552777778,3,51890.91473658,700.0,211
SN1998BU-3,un7,161.6917083333,11.83530555556,3,51891.19598658,700.0,222
SN1998BU-3,un8,161.6917083333,11.83530555556,3,51891.19598658,700.0,233
NGC3368,un9,161.6904166667,11.82,3,52219.04947937,320.0,244
NGC3368,un10,161.6904166667,11.82,3,52219.05572937,320.0,1
NGC3368,un11,161.6904166667,11.82,3,52219.06336826,320.0,12
NGC3368,un12,161.6904166667,11.82,3,52219.04947937,960.0,23
SN1998BU,un13,161.6916666667,11.83541666667,3,52284.64531508,4000.0,34
SN1998BU,un14,161.6916666667,11.83541666667,3,52284.77864697,1280.0,45
SN1998BU,un15,161.6916666667,11.83541666667,3,52284.64531508,5280.0,56
N3368,un16,161.690833333333,11.8200527787768,2,51117.0493518518,2585.0,67
DARK-NM,un17,161.6897374118,11.82060295602,2,56752.6747073264,352.939514,78
BIAS,un18,161.7893572106,11.71507155353,1,52769.0395750347,0.0,89
DARK,un19,161.7893572106,11.71507155353,1,52769.0434872338,953.0,100
DARK,un20,161.6885633166,11.82148642537,2,52219.0853562847,1100.0,112
DARK,un21,161.6885633166,11.82148642537,2,52219.0985970255,60.0,123
DARK,un22,161.6885633166,11.82148642537,2,52219.0998007755,60.0,134
EARTH-CALIB,un23,161.6999532168,11.83285474911,2,51891.2209851505,1000.0,145
DARK,un24,161.6885633166,11.82148642537,2,52219.0717015856,1000.0,156
DARK,un25,161.6993164608,11.81784010533,2,52239.1279518866,1000.0,167
DARK,un26,161.6897854693,11.81960813282,2,60394.7269799421,900.0,174
NONE,un27,161.6885633166,11.82148642537,2,52219.0629140856,10.0,175
NONE,un28,161.6885633166,11.82148642537,2,52219.0646618866,1.0,176
BIAS,un29,161.6889609217,11.84588928588,3,55148.1528728819,0.0,177
POST-SAA-DARK,un30,161.6794981727,11.82069757574,3,54220.35730324,486.71817,179
BIAS,un31,161.6993164608,11.81784010533,3,52239.1225437153,0.0,180
BIAS,un32,161.6993164608,11.81784010533,3,52239.1338170486,0.0,181
BIAS,un33,161.6993164608,11.81784010533,3,52239.1353448264,0.0,182
BIAS,un34,161.6993164608,11.81784010533,3,52239.1361548264,0.0,183
BIAS,un35,161.6993164608,11.81784010533,3,52239.1368726042,0.0,184
DARK,un36,161.6999532168,11.83285474911,2,51891.218678669,1100.0,185
DARK,un37,161.6999532168,11.83285474911,2,51891.2319194097,60.0,186
DARK,un38,161.6999532168,11.83285474911,2,51891.2331231134,60.0,187
BIAS,un39,161.704568491,11.72994732015,1,53093.0235847222,0.0,188
BIAS,un40,161.7045288596,11.72993552927,1,53093.0909687847,0.0,190
NGC3368,un41,161.6833333333,11.86111111111,3,49813.4022808,5300.0,191
NGC3368,un42,161.6833333333,11.86111111111,3,49813.46686413,3000.0,192
NGC3368,un43,161.6833333333,11.86111111111,3,49813.4022808,2300.0,193
EARTH-CALIB,un44,161.6849503102,11.85903370309,2,49448.5661739583,14.0,194
EARTH-CALIB,un45,161.6849503102,11.85903370309,2,49448.5675628472,14.0,195
EARTH-CALIB,un46,161.6849503102,11.85903370309,2,49448.5696461806,1.2,196
EARTH-CALIB,un47,161.6849503102,11.85903370309,2,49448.5710350694,1.2,197
EARTH-CALIB,un48,161.6849503102,11.85903370309,2,49448.5731184028,0.35,198
EARTH-CALIB,un49,161.6849503102,11.85903370309,2,49448.5745072917,0.35,199
EARTH-CALIB,un50,161.6849503102,11.85903370309,2,49448.576590625,3.0,201
EARTH-CALIB,un51,161.6849503102,11.85903370309,2,49448.5779795139,3.0,202
EARTH-CALIB,un52,161.6849503102,11.85903370309,2,49449.8397851042,14.0,203
EARTH-CALIB,un53,161.6849503102,11.85903370309,2,49449.8411739583,14.0,204
EARTH-CALIB,un54,161.6849503102,11.85903370309,2,49449.8432573264,1.2,205
EARTH-CALIB,un55,161.6849503102,11.85903370309,2,49449.8446462153,1.2,206
EARTH-CALIB,un56,161.6849503102,11.85903370309,2,49449.8467295139,0.35,207
EARTH-CALIB,un57,161.6849503102,11.85903370309,2,49449.8481184375,0.35,208
EARTH-CALIB,un58,161.6849503102,11.85903370309,2,49449.8502017361,3.0,209
EARTH-CALIB,un59,161.6849503102,11.85903370309,2,49449.851590625,3.0,210
EARTH-CALIB,un60,161.6849503102,11.85903370309,2,49452.2550628819,14.0,212
EARTH-CALIB,un61,161.6849503102,11.85903370309,2,49452.2564517708,14.0,213
EARTH-CALIB,un62,161.6849503102,11.85903370309,2,49452.2585351042,1.2,214
EARTH-CALIB,un63,161.6849503102,11.85903370309,2,49452.2599239931,1.2,215
EARTH-CALIB,un64,161.6849503102,11.85903370309,2,49452.2620073264,0.35,216
EARTH-CALIB,un65,161.6849503102,11.85903370309,2,49452.2633962153,0.35,217
EARTH-CALIB,un66,161.6849503102,11.85903370309,2,49452.2654795486,3.0,218
EARTH-CALIB,un67,161.6849503102,11.85903370309,2,49452.2668684375,3.0,219
VISFLAT,un68,161.6849503102,11.85903370309,2,49448.4425628472,50.0,220
VISFLAT,un69,161.6849503102,11.85903370309,2,49448.4446461806,50.0,221
VISFLAT,un70,161.6849503102,11.85903370309,2,49448.4474239583,600.0,223
VISFLAT,un71,161.6849503102,11.85903370309,2,49448.4564517361,120.0,224
UVFLAT,un72,161.6849503102,11.85903370309,2,49452.1203406597,1000.0,225
UVFLAT,un73,161.6849503102,11.85903370309,2,49452.1335351042,350.0,226
UVFLAT,un74,161.6849503102,11.85903370309,2,49452.1397851042,30.0,227
NONE,un75,161.6954402207,11.83483112931,2,52284.7444672454,10.0,228
NONE,un76,161.6953139112,11.83492509543,2,52284.6570364931,10.0,229
NONE,un77,161.6953139112,11.83492509543,2,52284.6587842593,1.0,230
NONE,un78,161.6953139112,11.83492509543,2,52284.7807287037,1.0,231
NONE,un79,161.6953139112,11.83492509543,2,52284.782025,10.0,232
EARTH-CALIB,un80,161.6851496882,11.85992402297,2,49465.5300628472,14.0,234
EARTH-CALIB,un81,161.6851496882,11.85992402297,2,49465.5314517361,14.0,235
EARTH-CALIB,un82,161.6851496882,11.85992402297,2,49465.5335350347,1.2,236
EARTH-CALIB,un83,161.6851496882,11.85992402297,2,49465.5349239236,1.2,237
EARTH-CALIB,un84,161.6851496882,11.85992402297,2,49465.5370072569,0.35,238
EARTH-CALIB,un85,161.6851496882,11.85992402297,2,49465.5383961458,0.35,239
EARTH-CALIB,un86,161.6851496882,11.85992402297,2,49465.5404795139,3.0,240
EARTH-CALIB,un87,161.6851496882,11.85992402297,2,49465.5418684028,3.0,241
EARTH-CALIB,un88,161.6851496882,11.85992402297,2,49476.3217295139,14.0,242
EARTH-CALIB,un89,161.6851496882,11.85992402297,2,49476.3231184028,14.0,243
EARTH-CALIB,un90,161.6851496882,11.85992402297,2,49476.3252017361,1.2,245
EARTH-CALIB,un91,161.6851496882,11.85992402297,2,49476.326590625,1.2,246
EARTH-CALIB,un92,161.6851496882,11.85992402297,2,49476.3286739583,0.35,247
EARTH-CALIB,un93,161.6851496882,11.85992402297,2,49476.3300628472,0.35,248
EARTH-CALIB,un94,161.6851496882,11.85992402297,2,49476.3321461806,3.0,249
EARTH-CALIB,un95,161.6851496882,11.85992402297,2,49476.3335350694,3.0,250
NGC3368,un96,161.6833333333,11.86111111111,3,49452.215481,2400.0,251
NGC3368,un97,161.6833333333,11.86111111111,3,49452.215481,2400.0,252
NGC3368,un98,161.6833333333,11.86111111111,3,49480.38561989,2400.0,253
NGC3368,un99,161.6833333333,11.86111111111,3,49480.38561989,2400.0,254
NGC3368,un100,161.6833333333,11.86111111111,3,49476.29603651,2400.0,2
NGC3368,un101,161.6833333333,11.86111111111,3,49487.62450885,2400.0,3
NGC3368,un102,161.6833333333,11.86111111111,3,49487.62450885,2400.0,4
NGC3368,un103,161.6833333333,11.86111111111,3,49508.12867539,2400.0,5
NGC3368,un104,161.6833333333,11.86111111111,3,49508.12867539,2400.0,6
NGC3368,un105,161.6833333333,11.86111111111,3,49459.33561977,2400.0,7
NGC3368,un106,161.6833333333,11.86111111111,3,49459.33561977,2400.0,8
NGC3368,un107,161.6833333333,11.86111111111,3,49534.21685826,3000.0,9
NGC3368,un108,161.6833333333,11.86111111111,3,49476.29603651,2400.0,10
NGC3368,un109,161.6833333333,11.86111111111,3,49534.15019159,5300.0,11
NGC3368,un110,161.6833333333,11.86111111111,3,49448.47450874,5300.0,13
NGC3368,un111,161.6833333333,11.86111111111,3,49448.54186985,3000.0,14
NGC3368,un112,161.6833333333,11.86111111111,3,49534.15019159,2300.0,15
NGC3368,un113,161.6833333333,11.86111111111,3,49449.81478653,2400.0,16
NGC3368,un114,161.6833333333,11.86111111111,3,49449.81478653,2400.0,17
NGC3368,un115,161.6833333333,11.86111111111,3,49448.47450874,2300.0,18
NGC3368,un116,161.6833333333,11.86111111111,3,49465.50436983,2400.0,19
NGC3368,un117,161.6833333333,11.86111111111,3,49465.50436983,2400.0,20
DARK,un118,161.6889609217,11.84588928588,2,55148.0000551273,1100.0,21
DARK,un119,161.6889609217,11.84588928588,2,55148.0132958681,60.0,22
DARK,un120,161.6889609217,11.84588928588,2,55148.0144995718,60.0,24
DARK,un121,161.6889609217,11.84588928588,2,55148.0485736458,1100.0,25
DARK,un122,161.6889609217,11.84588928588,2,55148.0618143866,60.0,26
DARK,un123,161.6889609217,11.84588928588,2,55148.0630180903,60.0,27
BIAS,un124,161.6889609217,11.84588928588,3,55148.0735851505,0.0,28
BIAS,un125,161.6889609217,11.84588928588,3,55148.0848584491,0.0,29
BIAS,un126,161.6889609217,11.84588928588,3,55148.0863862269,0.0,30
BIAS,un127,161.6889609217,11.84588928588,3,55148.0871962616,0.0,31
BIAS,un128,161.6889609217,11.84588928588,3,55148.0879140046,0.0,32
NGC3368,un129,161.6833333333,11.86111111111,3,49648.03630852,2400.0,33
NGC3368,un130,161.6833333333,11.86111111111,3,49648.03630852,2400.0,35
POST-SAA-DARK,un131,161.6654086978,11.82204264113,3,54220.35728009,486.71817,36
NGC3368,un132,161.6833333333,11.86111111111,3,49653.73491962,5300.0,37
NGC3368,un133,161.6833333333,11.86111111111,3,49660.03700292,2400.0,38
NGC3368,un134,161.6833333333,11.86111111111,3,49660.03700292,2400.0,39
NGC3368,un135,161.6833333333,11.86111111111,3,49653.80228073,3000.0,40
NGC3368,un136,161.6833333333,11.86111111111,3,49653.73491962,2300.0,41
DARK,un137,161.6889609217,11.84588928588,2,55148.1569082986,900.0,42
POST-SAA-DARK,un138,161.6557518396,11.82200209312,3,54220.35729167,486.71817,43
BIAS,un139,161.7893572106,11.71507155353,1,52769.0352464931,0.0,44
DARK,un140,161.7893572106,11.71507155353,1,52769.0434524306,1000.0,46
DARK,un141,161.6889609217,11.84588928588,1,55148.0524167014,1040.0,47
EARTH-CALIB,un142,161.6498232646,11.7605343827,2,50869.8904376968,14.0,48
EARTH-CALIB,un143,161.6498232646,11.7605343827,2,50869.8918265856,14.0,49
EARTH-CALIB,un144,161.6498232646,11.7605343827,2,50869.893909919,1.6,50
EARTH-CALIB,un145,161.6498232646,11.7605343827,2,50869.8952988079,1.6,51
EARTH-CALIB,un146,161.6498232646,11.7605343827,2,50869.8973821412,2.0,52
EARTH-CALIB,un147,161.6498232646,11.7605343827,2,50869.8987710301,2.0,53
EARTH-CALIB,un148,161.6498232646,11.7605343827,2,50869.9008543634,1.0,54
EARTH-CALIB,un149,161.6498232646,11.7605343827,2,50869.9022432523,1.0,55
EARTH-CALIB,un150,161.6498232646,11.7605343827,2,50869.9043265856,0.8,57
EARTH-CALIB,un151,161.6498232646,11.7605343827,2,50869.9057154745,0.8,58
ANY,un152,161.6520897253,11.76077272673,3,50857.61543917,1800.0,59
ANY,un153,161.6520897253,11.76077272673,3,50857.61543917,1800.0,60
NGC3351,un1,160.9904166667,11.70361111111,3,54520.41686669,3200.0,0
NGC3351,un2,160.9904166667,11.70361111111,3,54520.48075558,700.0,111
NGC3351,un3,160.9904166667,11.70361111111,3,54520.41686669,3900.0,178
NGC3351,un4,160.9915,11.70397222222,3,50138.57588024,1200.0,189
NGC3351,un5,160.9915,11.70397222222,3,50138.57588024,1200.0,200
NGC3351,un6,160.992,11.70462222222,3,52079.32031071,560.0,211
NGC3351,un7,160.992,11.70462222222,3,52079.32031071,560.0,222
NGC3351,un8,160.990666665333,11.7035833334423,2,52322.4351273148,7960.0,233
DARK,un9,160.9779704698,11.69097816938,1,56717.7488212616,0.5,244
DARK-NM,un10,160.9777634086,11.69067177514,2,56770.1301239931,352.939514,1
DARK-NM,un11,160.9777634086,11.69067177514,2,56770.1346958333,352.939514,12
DARK-NM,un12,160.9777634086,11.69067177514,2,56770.1392677083,352.939514,23
DARK-NM,un13,160.9777634086,11.69067177514,2,56770.1438395486,352.939514,34
DARK-NM,un14,160.9779704698,11.69097816938,2,56717.5578202894,352.939514,45
BIAS,un15,160.9906285337,11.70522630302,3,58625.080887581,0.0,56
BIAS,un16,160.9906285337,11.70522630302,3,58625.0921142361,0.0,67
BIAS,un17,160.9906285337,11.70522630302,3,58625.0936420139,0.0,78
BIAS,un18,160.9906285337,11.70522630302,3,58625.0947301736,0.0,89
DARK,un19,160.9730416994,11.69030160299,2,50055.0974182523,1800.0,100
DARK,un20,160.9730411855,11.69030032742,2,49694.0321403588,1800.0,112
DARK,un21,160.9730411855,11.69030032742,2,49727.5675573264,1800.0,123
VISFLAT,un22,160.9730411855,11.69030032742,2,49708.1133904282,600.0,134
VISFLAT,un23,160.9730411855,11.69030032742,2,49708.122418206,1.2,145
VISFLAT,un24,160.9730411855,11.69030032742,2,49708.1238070949,1.2,156
VISFLAT,un25,160.9730411855,11.69030032742,2,49708.1258904282,20.0,167
VISFLAT,un26,160.9730411855,11.69030032742,2,49708.1272793171,20.0,174
EARTH-CALIB,un27,160.9730411855,11.69030032742,2,49705.4411681713,1.0,175
EARTH-CALIB,un28,160.9730411855,11.69030032742,2,49705.4425570602,1.0,176
EARTH-CALIB,un29,160.9730411855,11.69030032742,2,49705.4446403935,0.8,177
EARTH-CALIB,un30,160.9730411855,11.69030032742,2,49705.4460292824,0.8,179
EARTH-CALIB,un31,160.9730411855,11.69030032742,2,49705.4481126157,0.5,180
EARTH-CALIB,un32,160.9730411855,11.69030032742,2,49705.4495015046,0.5,181
EARTH-CALIB,un33,160.9730411855,11.69030032742,2,49705.451584838,0.3,182
EARTH-CALIB,un34,160.9730411855,11.69030032742,2,49705.4529737269,0.3,183
EARTH-CALIB,un35,160.9730411855,11.69030032742,2,49705.3745015046,1000.0,184
EARTH-CALIB,un36,160.9730411855,11.69030032742,2,49705.307834838,800.0,185
EARTH-CALIB,un37,160.9730411855,11.69030032742,2,49705.3189459491,0.16,186
EARTH-CALIB,un38,160.9730411855,11.69030032742,2,49705.320334838,0.16,187
EARTH-CALIB,un39,160.9730411855,11.69030032742,2,49733.6647795949,1000.0,188
EARTH-CALIB,un40,160.9730411855,11.69030032742,2,49733.5974184838,500.0,190
EARTH-CALIB,un41,160.9730411855,11.69030032742,2,49733.6043629282,500.0,191
VISFLAT,un42,160.9730411855,11.69030032742,2,49722.5425572569,800.0,192
VISFLAT,un43,160.9730411855,11.69030032742,2,49722.5536683681,40.0,193
VISFLAT,un44,160.9730411855,11.69030032742,2,49722.5557517014,1.6,194
VISFLAT,un45,160.9730411855,11.69030032742,2,49722.5578350347,0.6,195
VISFLAT,un46,160.9730411855,11.69030032742,2,49722.5599183681,0.6,196
M-95-YSC1,un47,160.989808334,11.704366666109,2,58632.3218402778,4692.32,197
NGC3351,un48,160.971125,11.69055555556,3,49718.07728087,2730.0,198
NGC3351,un49,160.971125,11.69055555556,3,49733.63422548,2500.0,199
NGC3351,un50,160.971125,11.69055555556,3,49705.28005852,7200.0,201
NGC3351,un51,160.971125,11.69055555556,3,49705.35019741,2200.0,202
NGC3351,un52,160.971125,11.69055555556,3,49718.07728087,5460.0,203
NGC3351,un53,160.971125,11.69055555556,3,49733.56408659,4900.0,204
NGC3351,un54,160.971125,11.69055555556,3,49708.02866966,2500.0,205
NGC3351,un55,160.971125,11.69055555556,3,49708.02866966,2500.0,206
NGC3351,un56,160.971125,11.69055555556,3,49705.28005852,2500.0,207
NGC3351,un57,160.971125,11.69055555556,3,49705.41894741,2500.0,208
NGC3351,un58,160.971125,11.69055555556,3,49714.39603084,2500.0,209
NGC3351,un59,160.971125,11.69055555556,3,49714.39603084,2500.0,210
NGC3351,un60,160.971125,11.69055555556,3,49685.98005844,2500.0,212
NGC3351,un61,160.971125,11.69055555556,3,49685.84047511,7400.0,213
NGC3351,un62,160.971125,11.69055555556,3,49685.910614,2400.0,214
NGC3351,un63,160.971125,11.69055555556,3,49710.77658635,2500.0,215
NGC3351,un64,160.971125,11.69055555556,3,49710.77658635,2500.0,216
NGC3351,un65,160.971125,11.69055555556,3,49702.93422516,2500.0,217
NGC3351,un66,160.971125,11.69055555556,3,49702.93422516,2500.0,218
NGC3351,un67,160.971125,11.69055555556,3,49718.08283643,2730.0,219
NGC3351,un68,160.971125,11.69055555556,3,49685.84047511,2500.0,220
NGC3351,un69,160.971125,11.69055555556,3,49693.95366956,2500.0,221
NGC3351,un70,160.971125,11.69055555556,3,49693.95366956,2500.0,223
NGC3351,un71,160.971125,11.69055555556,3,49722.56964203,2500.0,224
NGC3351,un72,160.971125,11.69055555556,3,49722.56964203,2500.0,225
NGC3351,un73,160.971125,11.69055555556,3,49733.56408659,2400.0,226
NGC3351,un74,160.971125,11.69055555556,3,49740.79533667,2500.0,227
NGC3351,un75,160.971125,11.69055555556,3,49740.79533667,2500.0,228
NGC3351,un76,160.971125,11.69055555556,3,49727.59880875,2500.0,229
NGC3351,un77,160.971125,11.69055555556,3,49727.59880875,2500.0,230
NGC3351,un78,160.971125,11.69055555556,3,50055.06825301,2000.0,231
NGC3351,un79,160.971125,11.69055555556,3,50055.06825301,2000.0,232
NGC3351,un80,160.9744175,11.68905555556,3,54849.22236624,6200.0,234
NGC3351,un81,160.9744175,11.68905555556,3,54849.22236624,1800.0,235
NGC3351,un82,160.9744175,11.68905555556,3,54849.34319958,4400.0,236
DARK,un83,160.9751425483,11.67435184682,2,57318.028153206,0.5,237
DARK,un84,160.9751425483,11.67435184682,2,57318.0297502662,0.5,238
POST-SAA-DARK,un85,161.0012819341,11.70697873126,3,52572.90165509,486.71817,239
DARK,un86,160.992875397,11.69289008179,2,60402.5240935532,1330.176,240
TUNGSTEN,un87,160.9876701178,11.7149626039,2,60616.0571969907,1.0,241
TUNGSTEN,un88,160.9876701178,11.7149626039,2,60616.0577410532,200.0,242
TUNGSTEN,un89,160.9876701178,11.7149626039,2,60616.0605881134,1.0,243
DARK,un90,161.0330958092,11.6829570302,2,51839.1154288542,1000.0,245
EARTH-CALIB,un91,161.0334148426,11.68307322996,2,51911.9077910069,0.3,246
EARTH-CALIB,un92,161.0334148426,11.68307322996,2,51911.9091798958,0.3,247
EARTH-CALIB,un93,161.0334148426,11.68307322996,2,51911.9112631944,0.16,248
EARTH-CALIB,un94,161.0334148426,11.68307322996,2,51911.9126520833,0.16,249
TUNGSTEN,un95,160.9779704698,11.69097816938,1,56717.7626986458,9.2,250
TUNGSTEN,un96,160.9779704698,11.69097816938,1,56717.7644464468,22.9,251
POST-SAA-DARK,un97,161.0148913837,11.71077375313,3,52572.90163194,486.71817,252
DARK,un98,160.975134481,11.67435224183,2,57685.0482998032,1100.0,253
DARK,un99,160.975134481,11.67435224183,2,57685.061540544,60.0,254
DARK,un100,160.975134481,11.67435224183,2,57685.0627442477,60.0,2
DARK,un101,160.9751425483,11.67435184682,2,57318.019934375,1100.0,3
DARK,un102,160.9751425483,11.67435184682,2,57318.0331751157,60.0,4
DARK,un103,160.9751425483,11.67435184682,2,57318.0343788194,60.0,5
DARK,un104,160.9751425483,11.67435184682,2,57318.0133603009,60.0,6
DARK,un105,160.9751425483,11.67435184682,2,57318.0145640046,60.0,7
DARK,un106,160.9751713368,11.67433436343,2,57685.0235198264,1100.0,8
DARK,un107,160.9751713368,11.67433436343,2,57685.0367605671,60.0,9
DARK,un108,160.9751713368,11.67433436343,2,57685.0379642361,60.0,10
DARK,un109,160.9751793508,11.6743338634,2,57318.0001195602,1100.0,11
NGC3351-OFF,un110,161.0350833333,11.6815,3,51839.01404141,5000.0,13
NGC3351-OFF,un111,161.0350833333,11.6815,3,51839.01404141,5000.0,14
NGC3351-OFF,un112,161.0350833333,11.6815,3,51843.83556924,10200.0,15
NGC3351-OFF,un113,161.0350833333,11.6815,3,51843.83556924,10200.0,16
NGC3351-OFF,un114,161.0350833333,11.6815,3,51844.77306926,5000.0,17
NGC3351-OFF,un115,161.0350833333,11.6815,3,51844.77306926,5000.0,18
NGC3351-OFF,un116,161.0350833333,11.6815,3,51898.68140336,10200.0,19
NGC3351-OFF,un117,161.0350833333,11.6815,3,51898.68140336,10200.0,20
POST-SAA-DARK,un118,161.0238599263,11.71426979504,3,52572.90164352,486.71817,21
NGC3351-OFF,un119,161.0350833333,11.6815,3,51911.66959799,10200.0,22
NGC3351-OFF,un120,161.0350833333,11.6815,3,51911.66959799,10200.0,24
DARK,un121,160.9751793508,11.6743338634,2,57318.0001837616,1330.08,25
BIAS,un122,161.0330364801,11.68311324214,3,51839.0480190625,0.0,26
BIAS,un123,161.0330364801,11.68311324214,3,51843.9953568287,0.0,27
BIAS,un124,161.0331959847,11.68317132899,3,51898.7154379282,0.0,28
BIAS,un125,161.0330958092,11.6829570302,3,51839.1106579514,0.0,29
BIAS,un126,161.0330958092,11.6829570302,3,51844.0707968403,0.0,30
CCDFLAT,un127,161.0330364801,11.68311324214,3,51839.0385164699,2.4,31
CCDFLAT,un128,161.0330364801,11.68311324214,3,51839.0405535069,2.4,32
CCDFLAT,un129,161.0330364801,11.68311324214,3,51843.9885164699,2.4,33
CCDFLAT,un130,161.0330364801,11.68311324214,3,51843.9905535069,2.4,35
BIAS,un131,161.0333555011,11.68322942996,3,51898.7784238773,0.0,36
BIAS,un132,161.0332553258,11.68301513012,3,51843.8698012731,0.0,37
CCDFLAT,un133,161.0331959847,11.68317132899,3,51898.7053916319,2.4,38
CCDFLAT,un134,161.0331959847,11.68317132899,3,51898.707428669,2.4,39
CCDFLAT,un135,161.0330958092,11.6829570302,3,51839.1038175579,2.4,40
CCDFLAT,un136,161.0330958092,11.6829570302,3,51839.1058545949,2.4,41
CCDFLAT,un137,161.0330958092,11.6829570302,3,51844.0635627662,2.4,42
CCDFLAT,un138,161.0330958092,11.6829570302,3,51844.0655998032,2.4,43
BIAS,un139,161.0334148426,11.68307322996,3,51843.9368498032,0.0,44
BIAS,un140,161.033314645,11.68285890586,3,51898.8453683218,0.0,46
CCDFLAT,un141,161.0333555011,11.68322942996,3,51898.7715838773,2.4,47
CCDFLAT,un142,161.0333555011,11.68322942996,3,51898.7736209144,2.4,48
CCDFLAT,un143,161.0332553258,11.68301513012,3,51843.8602990393,2.4,49
CCDFLAT,un144,161.0332553258,11.68301513012,3,51843.8623360764,2.4,50
BIAS,un145,161.0334741612,11.68291700677,3,51898.9123127662,0.0,51
CCDFLAT,un146,161.0334148426,11.68307322996,3,51843.929616088,2.4,52
CCDFLAT,un147,161.0334148426,11.68307322996,3,51843.931653125,2.4,53
CCDFLAT,un148,161.033314645,11.68285890586,3,51898.8385283218,2.4,54
CCDFLAT,un149,161.033314645,11.68285890586,3,51898.8405653588,2.4,55
CCDFLAT,un150,161.0334741612,11.68291700677,3,51898.9054727662,2.4,57
CCDFLAT,un151,161.0334741612,11.68291700677,3,51898.9075098032,2.4,58
BIAS,un152,161.0333146548,11.68285891814,3,51844.9196857292,0.0,59
BIAS,un153,161.0333146548,11.68285891814,3,51844.9207042477,0.0,60
BIAS,un154,161.0333146548,11.68285891814,3,51844.9223360764,0.0,61
BIAS,un155,161.0333146548,11.68285891814,3,51844.9254264699,0.0,62
BIAS,un156,161.0333146548,11.68285891814,3,51844.9329379282,0.0,63
NONE,un157,161.0331959968,11.68317134209,3,51844.7552990394,0.6,64
NONE,un158,161.0331959968,11.68317134209,3,51844.7604494213,0.6,65
NONE,un159,161.0331959968,11.68317134209,3,51844.7623709144,0.6,66
NONE,un160,161.0331959968,11.68317134209,3,51844.7643616551,0.6,68
NONE,un161,161.0331959968,11.68317134209,3,51844.7727064468,0.6,69
NONE,un162,161.0331959968,11.68317134209,3,51844.774627581,0.6,70
NONE,un163,161.0331959968,11.68317134209,3,51844.7766183218,0.6,71
BIAS,un164,161.0331959968,11.68317134209,3,51844.7799864583,0.0,72
BIAS,un165,161.0331959968,11.68317134209,3,51844.7816183218,0.0,73
BIAS,un166,161.0331959968,11.68317134209,3,51844.783250544,0.0,74
NONE,un167,161.0331959968,11.68317134209,1,51844.7934701736,0.3,75
NONE,un168,161.0331959968,11.68317134209,1,51844.7944309028,0.3,76
NONE,un169,161.0331959968,11.68317134209,1,51844.7954264699,0.3,77
NONE,un170,161.0331959968,11.68317134209,1,51844.7963868403,0.3,79
NONE,un171,161.0331959968,11.68317134209,1,51844.7973823727,0.3,80
NONE,un172,161.0331959968,11.68317134209,1,51844.7997320255,0.3,81
NONE,un173,161.0331959968,11.68317134209,1,51844.8025327546,0.3,82
NONE,un174,161.0331959968,11.68317134209,1,51844.8035283218,0.3,83
NONE,un175,161.0331959968,11.68317134209,1,51844.8044886921,0.3,84
NONE,un176,161.0331959968,11.68317134209,1,51844.8054842245,0.3,85
NONE,un177,161.0331959968,11.68317134209,1,51844.824928669,0.3,86
NONE,un178,161.0331959968,11.68317134209,1,51844.8258894329,0.3,87
NONE,un179,161.0331959968,11.68317134209,1,51844.8268846065,0.3,88
NONE,un180,161.0331959968,11.68317134209,1,51844.8278453356,0.3,90
NONE,un181,161.0331959968,11.68317134209,1,51844.828840544,0.3,91
NONE,un182,161.0331959968,11.68317134209,1,51844.831190162,0.3,92
NONE,un183,161.0331959968,11.68317134209,1,51844.8339912847,0.3,93
NONE,un184,161.0330958092,11.6829570302,1,51844.0792342245,0.3,94
NONE,un185,161.0330958092,11.6829570302,1,51844.0801949884,0.3,95
NONE,un186,161.0330958092,11.6829570302,1,51844.081190162,0.3,96
NONE,un187,161.0330958092,11.6829570302,1,51844.0821508912,0.3,97
NONE,un188,161.0330958092,11.6829570302,1,51844.0831460995,0.3,98
NONE,un189,161.0333555136,11.68322944196,1,51844.8349864583,0.3,99
NONE,un190,161.0333555136,11.68322944196,1,51844.8359471875,0.3,101
NONE,un191,161.0333555136,11.68322944196,1,51844.8369423958,0.3,102
NONE,un192,161.0333555136,11.68322944196,1,51844.8444771991,0.3,103
NONE,un193,161.0333555136,11.68322944196,1,51844.8454379282,0.3,104
NONE,un194,161.0333555136,11.68322944196,1,51844.8464331366,0.3,105
NONE,un195,161.0333555136,11.68322944196,1,51844.8473938657,0.3,106
NONE,un196,161.0333555136,11.68322944196,1,51844.8483894329,0.3,107
NONE,un197,161.0333555136,11.68322944196,1,51844.8507386921,0.6,108
NONE,un198,161.0333555136,11.68322944196,1,51844.8543616551,0.6,109
NONE,un199,161.0333555136,11.68322944196,1,51844.8553568287,0.6,110
NONE,un200,161.0333555136,11.68322944196,1,51844.8563175579,0.6,113
NONE,un201,161.0333555136,11.68322944196,1,51844.8573127662,0.6,114
NONE,un202,161.0333555136,11.68322944196,1,51844.8648475694,0.6,115
NONE,un203,161.0333555136,11.68322944196,1,51844.8666301736,0.6,116
NONE,un204,161.0333555136,11.68322944196,1,51844.8676253472,0.6,117
NONE,un205,161.0333555136,11.68322944196,1,51844.8685860764,0.6,118
NONE,un206,161.0333555136,11.68322944196,1,51844.8695812847,0.6,119
NONE,un207,161.0333555136,11.68322944196,1,51844.8719309028,0.6,120
NONE,un208,161.0333555136,11.68322944196,1,51844.8748938657,0.6,121
NONE,un209,161.0333555136,11.68322944196,1,51844.8758894329,0.6,122
NONE,un210,161.0333555136,11.68322944196,1,51844.8768498032,0.6,124
NONE,un211,161.0333555136,11.68322944196,1,51844.8778453356,0.6,125
NONE,un212,161.0332553258,11.68301513012,1,51843.8202642361,0.3,126
NONE,un213,161.0332553258,11.68301513012,1,51843.8230653588,0.3,127
NONE,un214,161.0332553258,11.68301513012,1,51843.8240605324,0.3,128
NONE,un215,161.0332553258,11.68301513012,1,51843.8250212616,0.3,129
NONE,un216,161.0332553258,11.68301513012,1,51843.8260164699,0.3,130
NONE,un217,161.0333146548,11.68285891814,1,51844.9018731134,0.6,131
NONE,un218,161.0333146548,11.68285891814,1,51844.9036553588,0.6,132
NONE,un219,161.0333146548,11.68285891814,1,51844.9046508912,0.6,133
NONE,un220,161.0333146548,11.68285891814,1,51844.9056116551,0.6,135
NONE,un221,161.0333146548,11.68285891814,1,51844.9066068287,0.6,136
NONE,un222,161.0333146548,11.68285891814,1,51844.9089564468,0.6,137
NONE,un223,161.0333146548,11.68285891814,1,51844.9117572106,0.6,138
NONE,un224,161.0333146548,11.68285891814,1,51844.9127527431,0.6,139
NONE,un225,161.0333146548,11.68285891814,1,51844.9137135069,0.6,140
NONE,un226,161.0333146548,11.68285891814,1,51844.9147086806,0.6,141
NONE,un227,161.0333146548,11.68285891814,1,51844.9414331366,0.6,142
NONE,un228,161.0333146548,11.68285891814,1,51844.9423938657,0.6,143
NONE,un229,161.0333146548,11.68285891814,1,51844.9433894329,0.6,144
NONE,un230,161.0333146548,11.68285891814,1,51844.9443498032,0.6,146
NONE,un231,161.0333146548,11.68285891814,1,51844.9453453356,0.6,147
NONE,un232,161.0333146548,11.68285891814,1,51844.9476949884,0.6,148
NONE,un233,161.0333146548,11.68285891814,1,51844.9676023958,0.6,149
NONE,un234,161.0334741715,11.68291701794,1,51844.9685975694,0.6,150
NONE,un235,161.0334741715,11.68291701794,1,51844.9695582986,0.6,151
NONE,un236,161.0334741715,11.68291701794,1,51844.9705535069,0.6,152
NONE,un237,161.0334741715,11.68291701794,1,51844.9780883102,0.6,153
NONE,un238,161.0334741715,11.68291701794,1,51844.9798709144,0.6,154
NONE,un239,161.0334741715,11.68291701794,1,51844.980866088,0.6,155
NONE,un240,161.0334741715,11.68291701794,1,51844.9818268171,0.6,157
NONE,un241,161.0334741715,11.68291701794,1,51844.9828220255,0.6,158
NONE,un242,161.0334741715,11.68291701794,1,51844.9851716435,0.6,159
NONE,un243,161.0334741715,11.68291701794,1,51844.9879727662,0.6,160
NONE,un244,161.0334741715,11.68291701794,1,51844.9889679398,0.6,161
NONE,un245,161.0334741715,11.68291701794,1,51844.989928669,0.6,162
NONE,un246,161.0334741715,11.68291701794,1,51844.9909238773,0.6,163
BIAS,un247,161.0334741715,11.68291701794,3,51845.008215706,0.0,164
BIAS,un248,161.0334741715,11.68291701794,3,51845.0092342245,0.0,165
BIAS,un249,161.0334741715,11.68291701794,3,51845.0103220255,0.0,166
BIAS,un250,161.0334741715,11.68291701794,3,51845.0114101505,0.0,168
NONE,un251,161.0334741715,11.68291701794,1,51844.9984586806,0.6,169
NONE,un252,161.0334741715,11.68291701794,1,51845.0002412847,0.6,170
NONE,un253,161.0334741715,11.68291701794,1,51845.0012364583,0.6,171
NONE,un254,161.0334741715,11.68291701794,1,51845.0021971875,0.6,172
NONE,un255,161.0334741715,11.68291701794,1,51845.0031923958,0.6,173
NGC4736-POS1,un1,192.7210833333,41.12055555556,3,53514.97588441,1800.0,0
NGC4736-POS1,un2,192.7210833333,41.12055555556,3,53515.00157886,400.0,111
NGC4736-POS1,un3,192.7210833333,41.12055555556,3,53514.97588441,2200.0,178
NGC4736,un4,192.7216666667,41.12038888889,3,52020.5675321,1700.0,189
NGC4736,un5,192.7216666667,41.12038888889,3,52020.5675321,1700.0,200
NGC4736,un6,192.7208333333,41.12055555556,3,52092.35850679,460.0,211
NGC4736,un7,192.7208333333,41.12055555556,3,52092.36892346,460.0,222
NGC4736,un8,192.7208333333,41.12055555556,3,52092.35850679,920.0,233
DARK,un9,192.843498477,41.01080297711,1,52811.2595408565,953.0,244
NGC4736-NUC,un10,192.7214951599,41.12018933913,3,49651.65783481,296.0,1
NGC4736-NUC,un11,192.7214951599,41.12018933913,3,49651.65783481,296.0,12
M-94,un12,192.721666667333,41.1203888897926,2,59695.6136921296,10464.0,23
NGC4736,un13,192.721666667333,41.1203888897926,2,52470.5136458333,1440.0,34
POST-SAA-DARK,un14,192.7082259536,41.12584396523,3,52749.36840278,486.71817,45
NGC4736-POS3,un15,192.7700833333,41.09962222222,3,53519.30505114,1800.0,56
NGC4736-POS3,un16,192.7700833333,41.09962222222,3,53519.30505114,1800.0,67
POST-SAA-DARK,un17,192.6925184805,41.13305592623,3,52749.36837963,486.71817,78
ANY,un18,192.678330046,41.07556453355,3,53509.66685656,800.0,89
ANY,un19,192.678330046,41.07556453355,3,53509.64671767,2200.0,100
ANY,un20,192.678330046,41.07556453355,3,53509.64671767,1400.0,112
POST-SAA-DARK,un21,192.6811950835,41.13713144623,3,52749.3683912,486.71817,123
DARK,un22,192.843498477,41.01080297711,1,52811.2595060532,1000.0,134
NGC4736,un23,192.6575,41.13027777778,3,51837.28140249,600.0,145
NGC4736,un24,192.6575,41.13027777778,3,51837.28140249,1200.0,156
NGC4736,un25,192.6575,41.13027777778,3,51837.29112472,600.0,167
ANY,un26,192.6876627599,41.1773774303,3,53380.91616022,4800.0,174
ANY,un27,192.6876627599,41.1773774303,3,53380.91616022,4800.0,175
BIAS,un28,192.6464164952,41.18537903546,2,52470.6633890046,0.0,176
BIAS,un29,192.6464164952,41.18537903546,2,52470.6647778935,0.0,177
BIAS,un30,192.6464164952,41.18537903546,2,52470.6661667824,0.0,179
BIAS,un31,192.6464164952,41.18537903546,2,52470.6675556713,0.0,180
INTFLAT,un32,192.6464164952,41.18537903546,2,52470.6696390046,10.0,181
INTFLAT,un33,192.6464164952,41.18537903546,2,52470.6710278935,10.0,182
BIAS,un34,192.6464164952,41.18537903546,2,52470.6724167824,0.0,183
BIAS,un35,192.6464164952,41.18537903546,2,52470.6738056713,0.0,184
BIAS,un36,192.6464164952,41.18537903546,2,52470.6751945602,0.0,185
BIAS,un37,192.6464164952,41.18537903546,2,52470.6765834491,0.0,186
INTFLAT,un38,192.6464164952,41.18537903546,2,52470.677972338,20.0,187
INTFLAT,un39,192.6464164952,41.18537903546,2,52470.6793612269,20.0,188
HIGH,un40,192.64349362,41.1861924103,3,52470.6453349,3000.0,190
HIGH,un41,192.6429384863,41.18583683508,3,52470.51061268,1000.0,191
HIGH,un42,192.6429384863,41.18583683508,3,52470.51061268,6000.0,192
HIGH,un43,192.6432125389,41.18601237255,3,52470.57241823,2000.0,193
CCDFLAT,un44,192.6464164952,41.18537903546,3,52470.6657587616,170.0,194
CCDFLAT,un45,192.6466975824,41.18555906543,3,52470.7325065162,170.0,195
DARK,un46,192.6458730744,41.18501297945,1,52470.4793005787,1380.0,196
DARK,un47,192.6466975824,41.18555906543,1,52470.7409905903,1380.0,197
NGC6341,un1,259.279375,43.13284722222,3,54490.99464244,1170.0,0
NGC6341,un2,259.279375,43.13284722222,3,54490.99464244,1170.0,111
NGC6341,un3,259.279375,43.13284722222,3,54490.86200355,1790.0,178
NGC6341,un4,259.279375,43.13284722222,3,54490.86200355,1790.0,189
NGC6341,un5,259.279375,43.13284722222,3,54491.12728133,1170.0,200
NGC6341,un6,259.279375,43.13284722222,3,54491.12728133,1170.0,211
NGC6341,un7,259.279375,43.13284722222,3,54491.06061466,1040.0,222
NGC6341,un8,259.279375,43.13284722222,3,54491.06061466,1040.0,233
NGC6341,un9,259.279375,43.13284722222,3,54491.99325357,1170.0,244
NGC6341,un10,259.279375,43.13284722222,3,54491.99325357,1170.0,1
NGC6341,un11,259.279375,43.13284722222,3,54491.19464244,1040.0,12
NGC6341,un12,259.279375,43.13284722222,3,54491.19464244,1040.0,23
NGC6341,un13,259.279375,43.13284722222,3,54494.98908696,1170.0,34
NGC6341,un14,259.279375,43.13284722222,3,54494.98908696,1170.0,45
NGC6341,un15,259.279375,43.13284722222,3,54495.05644808,1790.0,56
NGC6341,un16,259.279375,43.13284722222,3,54495.05644808,1790.0,67
NGC6341,un17,259.279375,43.13284722222,3,54495.18908697,1170.0,78
NGC6341,un18,259.279375,43.13284722222,3,54495.18908697,1170.0,89
NGC6341,un19,259.279375,43.13284722222,3,54495.25575364,1040.0,100
NGC6341,un20,259.279375,43.13284722222,3,54495.25575364,1040.0,112
NGC6341,un21,259.279375,43.13284722222,3,54495.3224203,1170.0,123
NGC6341,un22,259.279375,43.13284722222,3,54495.3224203,1170.0,134
NGC6341,un23,259.279375,43.13284722222,3,54495.38908697,1040.0,145
NGC6341,un24,259.279375,43.13284722222,3,54495.38908697,1040.0,156
MULTIPLE,un25,259.2803305537,43.13650574609,3,49785.79047515,4400.0,167
MULTIPLE,un26,259.2803305537,43.13650574609,3,49785.79047515,4400.0,174
NGC6341,un27,259.2804166667,43.13638888889,3,50054.01964195,2200.0,175
NGC6341,un28,259.2804166667,43.13638888889,3,50053.94116973,3800.0,176
NGC6341,un29,259.2804166667,43.13638888889,3,50054.00783495,2628.0,177
NGC6341,un30,259.2804166667,43.13638888889,3,50053.96825162,2804.8,179
NGC6341,un31,259.2804166667,43.13638888889,3,50053.94116973,11432.8,180
BIAS,un32,259.2977666439,43.15625700967,2,55147.0300373495,0.0,181
DARK,un33,259.2780414013,43.13226813927,2,55114.2213376968,1100.0,182
DARK,un34,259.2780414013,43.13226813927,2,55114.2345784375,60.0,183
DARK,un35,259.2780414013,43.13226813927,2,55114.2357821412,60.0,184
DARK,un36,259.2780815705,43.13228140912,2,55114.241175463,1100.0,185
DARK,un37,259.2780815705,43.13228140912,2,55114.2544162037,60.0,186
DARK,un38,259.2780815705,43.13228140912,2,55114.2556199074,60.0,187
DARK,un39,259.2780414013,43.13226813927,2,55115.0142310185,1100.0,188
DARK,un40,259.2780414013,43.13226813927,2,55115.0274717593,60.0,190
DARK,un41,259.2780414013,43.13226813927,2,55115.028675463,60.0,191
DARK,un42,259.2780414013,43.13226813927,2,55115.0340691782,1100.0,192
DARK,un43,259.2780414013,43.13226813927,2,55115.047309919,60.0,193
DARK,un44,259.2780414013,43.13226813927,2,55115.0485136227,60.0,194
BIAS,un45,259.2780414013,43.13226813927,3,55114.2797173264,0.0,195
BIAS,un46,259.2780414013,43.13226813927,3,55114.2909902778,0.0,196
BIAS,un47,259.2780414013,43.13226813927,3,55114.2925180556,0.0,197
BIAS,un48,259.2780414013,43.13226813927,3,55114.2933284375,0.0,198
BIAS,un49,259.2780414013,43.13226813927,3,55114.2940458333,0.0,199
BIAS,un50,259.2780414013,43.13226813927,3,55115.0876454861,0.0,201
BIAS,un51,259.2780414013,43.13226813927,3,55115.0989187847,0.0,202
BIAS,un52,259.2780414013,43.13226813927,3,55115.1004466088,0.0,203
BIAS,un53,259.2780414013,43.13226813927,3,55115.1012565972,0.0,204
BIAS,un54,259.2780414013,43.13226813927,3,55115.1019743866,0.0,205
DARK,un55,259.292136803,43.13658252828,2,49785.7515848032,1800.0,206
DARK,un56,259.2780414013,43.13226813927,3,55115.2225205671,1800.0,207
BIAS,un57,259.2780414013,43.13226813927,2,55115.2209851505,0.0,208
NGC6341-326,un58,259.279916667333,43.1364722218262,2,55115.2436226852,1638.048,209
DARK,un59,259.2779086589,43.12805242863,2,50825.8961515046,303.8475,210
TUNGSTEN,un60,225.0931078948,22.95166210834,3,53836.3338412037,1.3868001,212
TUNGSTEN,un61,259.1524343167,43.16737396407,3,53836.3517926736,2.4000001,213
POST-SAA-DARK,un62,259.2810111542,43.12327442877,3,53422.97378472,486.71817,214
POST-SAA-DARK,un63,259.2984366761,43.12877374589,3,53422.97376157,486.71817,215
POST-SAA-DARK,un64,259.3097439055,43.13338332127,3,53422.97377315,486.71817,216
DARK,un65,259.297480006,43.15430902399,2,55147.019893287,1100.0,217
DARK,un66,259.2999308932,43.15350794475,2,55147.0144995718,60.0,218
DARK,un67,259.3011554267,43.15402094217,2,55147.0132958681,60.0,219
DARK,un68,259.2977666439,43.15625700967,2,55147.0331340278,60.0,220
DARK,un69,259.2977666439,43.15625700967,2,55147.0343377315,60.0,221
DARK,un70,259.2989912142,43.15677003018,2,55147.0000551273,1100.0,223
NGC6341,un71,259.3218333333,43.17375,3,52076.24322733,2120.0,224
NGC6341,un72,259.3218333333,43.17375,3,52076.32169956,1060.0,225
NGC6341,un73,259.3218333333,43.17375,3,52076.24322733,1060.0,226
ANY,un74,259.2595078853,43.20175667429,3,53762.12796113,7.0,227
ANY,un75,259.2595078853,43.20175667429,3,53762.09740558,17.0,228
ANY,un76,259.2595078853,43.20175667429,3,53762.09740558,10.0,229
NGC6341-OFF,un77,259.3770873839,43.16585986308,3,50066.82658493,4720.0,230
NGC6341-OFF,un78,259.3770873839,43.16585986308,3,50066.82658493,9540.0,231
NGC6341-OFF,un79,259.3770873839,43.16585986308,3,50066.95227938,4820.0,232
NGC6341-OFF,un80,259.3763126034,43.16571160902,3,50057.08700159,4792.0,234
NGC6341-OFF,un81,259.3763126034,43.16571160902,3,50056.95714047,9512.0,235
NGC6341,un82,259.2804166667,43.13638888889,3,50054.34186418,1800.0,236
NGC6341,un83,259.2804166667,43.13638888889,3,50054.35505863,2300.0,237
NGC6341,un84,259.2804166667,43.13638888889,3,50054.34186418,4100.0,238
NGC6341-OFF,un85,259.3763126034,43.16571160902,3,50056.95714047,4720.0,239
TUNGSTEN,un86,259.2341502292,43.05035267226,2,55115.3206801736,2000.0,240
BIAS,un87,259.2341502292,43.05035267226,3,55115.2882770023,0.0,241
DARK,un88,259.2341502292,43.05035267226,2,55115.3000783218,900.0,242
BIAS,un89,259.2341502292,43.05035267226,2,55115.3160081366,0.0,243
TUNGSTEN,un90,259.2341502292,43.05035267226,2,55115.3188398148,4.5,245
KSPOTS,un91,259.3276827095,43.2213214457,2,53744.9994886227,1.0,246
KSPOTS,un92,259.3276827095,43.2213214457,2,53745.0008775116,2.6,247
INTFLAT,un93,259.3276827095,43.2213214457,2,53745.0050441782,1.0,248
INTFLAT,un94,259.3276827095,43.2213214457,2,53745.0064330671,1.0,249
INTFLAT,un95,259.3276827095,43.2213214457,2,53745.007821956,2.0,250
INTFLAT,un96,259.3276827095,43.2213214457,2,53745.0092108449,2.0,251
INTFLAT,un97,259.3276827095,43.2213214457,2,53745.0105997338,6.0,252
INTFLAT,un98,259.3276827095,43.2213214457,2,53745.0119886227,6.0,253
INTFLAT,un99,259.3276827095,43.2213214457,2,53745.0161552894,10.0,254
INTFLAT,un100,259.3276827095,43.2213214457,2,53745.0182386227,10.0,2
INTFLAT,un101,259.3276827095,43.2213214457,2,53745.0196275116,20.0,3
INTFLAT,un102,259.3276827095,43.2213214457,2,53745.0217108449,18.0,4
INTFLAT,un103,259.3276827095,43.2213214457,2,53745.0230997338,30.0,5
INTFLAT,un104,259.3276827095,43.2213214457,2,53745.0251830671,36.0,6
INTFLAT,un105,259.3276823958,43.22132189236,2,53745.0717108449,1.0,7
INTFLAT,un106,259.3276823958,43.22132189236,2,53745.0730997338,1.0,8
INTFLAT,un107,259.3276823958,43.22132189236,2,53745.0744886227,2.0,9
INTFLAT,un108,259.3276823958,43.22132189236,2,53745.0758775116,2.0,10
INTFLAT,un109,259.3276823958,43.22132189236,2,53745.0772664005,6.0,11
INTFLAT,un110,259.3276823958,43.22132189236,2,53745.0786552894,6.0,13
INTFLAT,un111,259.3276823958,43.22132189236,2,53745.082821956,10.0,14
INTFLAT,un112,259.3276823958,43.22132189236,2,53745.0849052894,10.0,15
INTFLAT,un113,259.3276823958,43.22132189236,2,53745.0862941782,20.0,16
INTFLAT,un114,259.3276823958,43.22132189236,2,53745.0883775116,18.0,17
INTFLAT,un115,259.3276823958,43.22132189236,2,53745.0897664005,30.0,18
INTFLAT,un116,259.3276823958,43.22132189236,2,53745.0918497338,36.0,19
BIAS,un117,259.3276823958,43.22132189236,2,53745.126571956,0.0,20
BIAS,un118,259.3276823958,43.22132189236,2,53745.1279608449,0.0,21
BIAS,un119,259.3276823958,43.22132189236,2,53745.1293497338,0.0,22
BIAS,un120,259.3276823958,43.22132189236,2,53745.1307386227,0.0,24
INTFLAT,un121,259.3276823958,43.22132189236,2,53745.1342108449,10.0,25
INTFLAT,un122,259.3276823958,43.22132189236,2,53745.1355997338,10.0,26
BIAS,un123,259.3276823958,43.22132189236,2,53745.1383775116,0.0,27
BIAS,un124,259.3276823958,43.22132189236,2,53745.1397664005,0.0,28
BIAS,un125,259.3276823958,43.22132189236,2,53745.1411552894,0.0,29
BIAS,un126,259.3276823958,43.22132189236,2,53745.1425441782,0.0,30
INTFLAT,un127,259.3276823958,43.22132189236,2,53745.1460164005,20.0,31
INTFLAT,un128,259.3276823958,43.22132189236,2,53745.1474052894,20.0,32
KSPOTS,un129,259.3276823958,43.22132189236,2,53745.1501830671,1.0,33
KSPOTS,un130,259.3276823958,43.22132189236,2,53745.151571956,2.6,35
BIAS,un131,259.3277811809,43.22133786084,2,53744.9349052894,0.0,36
BIAS,un132,259.3277811809,43.22133786084,2,53744.9362941782,0.0,37
BIAS,un133,259.3277811809,43.22133786084,2,53744.9376830671,0.0,38
BIAS,un134,259.3277811809,43.22133786084,2,53744.939071956,0.0,39
INTFLAT,un135,259.3277811809,43.22133786084,2,53744.9425441782,10.0,40
INTFLAT,un136,259.3277811809,43.22133786084,2,53744.9439330671,10.0,41
BIAS,un137,259.3277811809,43.22133786084,2,53744.9467108449,0.0,42
BIAS,un138,259.3277811809,43.22133786084,2,53744.9480997338,0.0,43
BIAS,un139,259.3277811809,43.22133786084,2,53744.9494886227,0.0,44
BIAS,un140,259.3277811809,43.22133786084,2,53744.9508775116,0.0,46
INTFLAT,un141,259.3277811809,43.22133786084,2,53744.9543497338,20.0,47
INTFLAT,un142,259.3277811809,43.22133786084,2,53744.9557386227,20.0,48
INTFLAT,un143,259.3276927099,43.22137287638,2,53744.8633775116,10.0,49
INTFLAT,un144,259.3276927099,43.22137287638,2,53744.8654608449,10.0,50
INTFLAT,un145,259.3276927099,43.22137287638,2,53744.8668497338,20.0,51
INTFLAT,un146,259.3276927099,43.22137287638,2,53744.8689330671,18.0,52
INTFLAT,un147,259.3276927099,43.22137287638,2,53744.870321956,30.0,53
INTFLAT,un148,259.3276927099,43.22137287638,2,53744.8724052894,36.0,54
INTFLAT,un149,259.3276927099,43.22137287638,2,53744.876571956,1.0,55
INTFLAT,un150,259.3276927099,43.22137287638,2,53744.8779608449,1.0,57
INTFLAT,un151,259.3276927099,43.22137287638,2,53744.8793497338,2.0,58
INTFLAT,un152,259.3276927099,43.22137287638,2,53744.8807386227,2.0,59
INTFLAT,un153,259.3276927099,43.22137287638,2,53744.8821275116,6.0,60
INTFLAT,un154,259.3276927099,43.22137287638,2,53744.8835164005,6.0,61
INTFLAT,un155,259.3276927099,43.22137287638,2,53744.8876830671,10.0,62
INTFLAT,un156,259.3276927099,43.22137287638,2,53744.8897664005,10.0,63
INTFLAT,un157,259.3276927099,43.22137287638,2,53744.8911552894,20.0,64
INTFLAT,un158,259.3276927099,43.22137287638,2,53744.8932386227,18.0,65
INTFLAT,un159,259.3276927099,43.22137287638,2,53744.8946275116,30.0,66
INTFLAT,un160,259.3276927099,43.22137287638,2,53744.8967108449,36.0,68
DARK,un161,259.3379070566,43.04400473756,3,56160.3569999653,1800.0,69
DARK,un162,259.2772661486,43.23815462914,2,59238.2623323264,900.0,70
DARK,un163,259.3379070566,43.04400473756,2,56160.3484179051,452.936035,71
BIAS,un164,259.2780414013,43.13226813927,1,55115.0162585648,0.0,72
DARK,un165,259.2780414013,43.13226813927,1,55115.0178445255,1090.0,73
BIAS,un166,259.2780414013,43.13226813927,1,55115.0375667477,0.0,74
DARK,un167,259.2780414013,43.13226813927,1,55115.0391522801,1090.0,75
BIAS,un168,259.2780414013,43.13226813927,1,55115.0856223032,0.0,76
DARK,un169,259.2780414013,43.13226813927,1,55115.0872078356,1090.0,77
BIAS,un170,259.2780414013,43.13226813927,1,55115.1180760069,0.0,79
DARK,un171,259.2780414013,43.13226813927,1,55115.1196615393,1090.0,80
N4548,un1,188.860291666,14.496219444136,2,51294.4820486111,1704.0,0
DARK,un2,188.8603189243,14.49946969483,2,58827.0000387384,1100.0,111
DARK,un3,188.8603189243,14.49946969483,2,58827.0132794792,60.0,178
DARK,un4,188.8603189243,14.49946969483,2,58827.0144831829,60.0,189
DARK,un5,188.8601463617,14.49994254814,2,58827.0378861458,1100.0,200
DARK,un6,188.8601463617,14.49994254814,2,58827.0511268866,60.0,211
DARK,un7,188.8601463617,14.49994254814,2,58827.0523305903,60.0,222
DARK,un8,188.8686888457,14.47560741057,2,50189.2772734954,1800.0,233
EARTH-CALIB,un9,188.8685801005,14.47553715338,2,50241.4904680556,14.0,244
EARTH-CALIB,un10,188.8685801005,14.47553715338,2,50241.4918569444,14.0,1
EARTH-CALIB,un11,188.8685801005,14.47553715338,2,50241.4939402778,1.2,12
EARTH-CALIB,un12,188.8685801005,14.47553715338,2,50241.4953291667,1.2,23
EARTH-CALIB,un13,188.8685801005,14.47553715338,2,50241.4974125,0.35,34
EARTH-CALIB,un14,188.8685801005,14.47553715338,2,50241.4988013889,0.35,45
EARTH-CALIB,un15,188.8685801005,14.47553715338,2,50241.5008847222,3.0,56
EARTH-CALIB,un16,188.8685801005,14.47553715338,2,50241.5022736111,3.0,67
EARTH-CALIB,un17,188.8685801005,14.47553715338,2,50241.5571347222,14.0,78
EARTH-CALIB,un18,188.8685801005,14.47553715338,2,50241.5585236111,14.0,89
EARTH-CALIB,un19,188.8685801005,14.47553715338,2,50241.5606069444,1.2,100
EARTH-CALIB,un20,188.8685801005,14.47553715338,2,50241.5619958333,1.2,112
EARTH-CALIB,un21,188.8685801005,14.47553715338,2,50241.5640791667,0.35,123
EARTH-CALIB,un22,188.8685801005,14.47553715338,2,50241.5654680556,0.35,134
EARTH-CALIB,un23,188.8685801005,14.47553715338,2,50241.5675513889,3.0,145
EARTH-CALIB,un24,188.8685801005,14.47553715338,2,50241.5689402778,3.0,156
EARTH-CALIB,un25,188.8687166978,14.47545231006,2,50573.7168351852,14.0,167
EARTH-CALIB,un26,188.8687166978,14.47545231006,2,50573.7182240741,14.0,174
EARTH-CALIB,un27,188.8687166978,14.47545231006,2,50573.7203074074,1.2,175
EARTH-CALIB,un28,188.8687166978,14.47545231006,2,50573.7216962963,1.2,176
EARTH-CALIB,un29,188.8687166978,14.47545231006,2,50573.7237796296,0.35,177
EARTH-CALIB,un30,188.8687166978,14.47545231006,2,50573.7251685185,0.35,179
EARTH-CALIB,un31,188.8687166978,14.47545231006,2,50573.7272518519,3.0,180
EARTH-CALIB,un32,188.8687166978,14.47545231006,2,50573.7286407407,3.0,181
DARK,un33,188.8687166978,14.47545231006,2,50573.6473907407,1800.0,182
BIAS,un34,188.8687994322,14.47546538267,2,50217.5140791319,0.0,183
BIAS,un35,188.8687994322,14.47546538267,2,50217.5154680208,0.0,184
INTFLAT,un36,188.8687994322,14.47546538267,2,50217.5175513542,10.0,185
INTFLAT,un37,188.8687994322,14.47546538267,2,50217.5189402431,10.0,186
EARTH-CALIB,un38,188.8687350624,14.47537089594,2,50224.8029680208,14.0,187
EARTH-CALIB,un39,188.8687350624,14.47537089594,2,50224.8043569097,14.0,188
EARTH-CALIB,un40,188.8687350624,14.47537089594,2,50224.8064402431,1.2,190
EARTH-CALIB,un41,188.8687350624,14.47537089594,2,50224.8078291319,1.2,191
EARTH-CALIB,un42,188.8687350624,14.47537089594,2,50224.8099124653,0.35,192
EARTH-CALIB,un43,188.8687350624,14.47537089594,2,50224.8113013542,0.35,193
EARTH-CALIB,un44,188.8687350624,14.47537089594,2,50224.8133846875,3.0,194
NGC4548,un45,188.8705416667,14.475,3,50208.49463614,3900.0,195
NGC4548,un46,188.8705416667,14.475,3,50208.41338614,3600.0,196
NGC4548,un47,188.8705416667,14.475,3,50208.41338614,7500.0,197
NGC4548,un48,188.8705416667,14.475,3,50573.68489218,4900.0,198
NGC4548,un49,188.8705416667,14.475,3,50573.68489218,4900.0,199
NGC4548,un50,188.8705416667,14.475,3,50197.57102503,3600.0,201
NGC4548,un51,188.8705416667,14.475,3,50241.53283062,3900.0,202
NGC4548,un52,188.8705416667,14.475,3,50197.49185836,3300.0,203
NGC4548,un53,188.8705416667,14.475,3,50197.49185836,6900.0,204
NGC4548,un54,188.8705416667,14.475,3,50189.31338605,7500.0,205
NGC4548,un55,188.8705416667,14.475,3,50241.45296951,3600.0,206
NGC4548,un56,188.8705416667,14.475,3,50189.39602494,3900.0,207
NGC4548,un57,188.8705416667,14.475,3,50213.43977504,3600.0,208
NGC4548,un58,188.8705416667,14.475,3,50213.52102504,3900.0,209
NGC4548,un59,188.8705416667,14.475,3,50241.45296951,7500.0,210
NGC4548,un60,188.8705416667,14.475,3,50210.55783057,5000.0,212
NGC4548,un61,188.8705416667,14.475,3,50210.55783057,5000.0,213
NGC4548,un62,188.8705416667,14.475,3,50213.43977504,7500.0,214
NGC4548,un63,188.8705416667,14.475,3,50189.31338605,3600.0,215
NGC4548,un64,188.8705416667,14.475,3,50217.39324723,5000.0,216
NGC4548,un65,188.8705416667,14.475,3,50217.39324723,5000.0,217
NGC4548,un66,188.8705416667,14.475,3,50234.6154695,5000.0,218
NGC4548,un67,188.8705416667,14.475,3,50234.6154695,5000.0,219
NGC4548,un68,188.8705416667,14.475,3,50224.764775,5000.0,220
NGC4548,un69,188.8705416667,14.475,3,50224.764775,5000.0,221
NGC4548,un70,188.8705416667,14.475,3,50220.62449727,3900.0,223
NGC4548,un71,188.8705416667,14.475,3,50220.54324727,3600.0,224
NGC4548,un72,188.8705416667,14.475,3,50220.54324727,7500.0,225
NGC4548,un73,188.8705416667,14.475,3,50229.46894172,3900.0,226
NGC4548,un74,188.8705416667,14.475,3,50249.22866398,3600.0,227
NGC4548,un75,188.8705416667,14.475,3,50229.38769172,7500.0,228
NGC4548,un76,188.8705416667,14.475,3,50249.30921954,3900.0,229
NGC4548,un77,188.8705416667,14.475,3,50229.38769172,3600.0,230
NGC4548,un78,188.8705416667,14.475,3,50249.22866398,7500.0,231
POST-SAA-DARK,un79,188.8588270467,14.50688534836,3,54179.24637731,486.71817,232
POST-SAA-DARK,un80,188.8575146302,14.5206830663,3,54179.24635417,486.71817,234
POST-SAA-DARK,un81,188.8556388908,14.52995912769,3,54179.24636574,486.71817,235
NGC4569,un1,189.2083333333,13.1625,3,54547.12728389,4800.0,0
NGC4569,un2,189.2083333333,13.1625,3,54547.12728389,4800.0,111
NGC4569,un3,189.2085,13.16327777778,3,49482.25853513,520.0,178
NGC4569,un4,189.2085,13.16327777778,3,49482.27103513,520.0,189
NGC4569,un5,189.2085,13.16327777778,3,49482.25853513,1040.0,200
NGC4569,un6,189.2075,13.16291666667,3,49704.94255851,1630.0,211
NGC4569,un7,189.2070833333,13.16277777778,3,50550.55572574,1000.0,222
NGC4569,un8,189.2070833333,13.16277777778,3,50550.57169796,726.0,233
NGC4569,un9,189.2070833333,13.16277777778,3,50550.64114241,800.0,244
NGC4569,un10,189.2070833333,13.16277777778,3,50550.62377985,726.0,1
NGC4569,un11,189.2070833333,13.16277777778,3,50550.55572574,3252.0,12
NGC4569,un12,189.2075,13.16285833333,3,51949.71959708,560.0,23
NGC4569,un13,189.2075,13.16285833333,3,51949.71959708,560.0,34
NGC4569,un14,189.207345834,13.162788890123,2,52016.5602546296,5210.0,45
BIAS,un15,189.2584149491,13.02786915331,1,52757.9983467245,0.0,56
DARK,un16,189.2081667,13.1623889,2,52672.6617356482,1100.0,67
DARK,un17,189.2088453173,13.16263368087,2,60645.0321743866,1100.0,78
DARK,un18,189.2088453173,13.16263368087,2,60645.0454151273,60.0,89
DARK,un19,189.2088453173,13.16263368087,2,60645.046618831,60.0,100
DARK,un20,189.2088453173,13.16263368087,2,60645.0519892014,1100.0,112
DARK,un21,189.2088093498,13.16265357543,2,60645.0652299421,60.0,123
DARK,un22,189.2088093498,13.16265357543,2,60645.0664336458,60.0,134
VISFLAT,un23,189.2156862979,13.15964730838,2,49705.0224181713,1800.0,145
NGC4569,un24,189.2075,13.16291666667,3,49704.94255851,1400.0,156
NGC4569,un25,189.2075,13.16291666667,3,49704.9626974,230.0,167
POST-SAA-DARK,un26,189.216303313,13.16907117732,3,52664.14986111,486.71817,174
POST-SAA-DARK,un27,189.216334404,13.1694234306,3,52664.08091435,486.71817,175
BIAS,un28,189.2161500377,13.16243128854,3,51949.720174456,0.0,176
BIAS,un29,189.2161500377,13.16243128854,3,51949.7217022338,0.0,177
BIAS,un30,189.2161500377,13.16243128854,3,51949.7225122338,0.0,179
BIAS,un31,189.2161500377,13.16243128854,3,51949.7232300116,0.0,180
DEUTERIUM,un32,189.2047760849,13.17354734267,2,60297.0699832986,125.024,181
DEUTERIUM,un33,189.2047760849,13.17354734267,2,60297.0769392014,440.032,182
DEUTERIUM,un34,189.2043718355,13.17446986509,2,60297.0999599537,440.032,183
DEUTERIUM,un35,189.2043718355,13.17446986509,2,60297.1100525463,440.032,184
POST-SAA-DARK,un36,189.2278998329,13.17710213201,3,52664.14983796,486.71817,185
POST-SAA-DARK,un37,189.227930943,13.17745438358,3,52664.0808912,486.71817,186
POST-SAA-DARK,un38,189.2352003426,13.18333237148,3,52664.14984954,486.71817,187
POST-SAA-DARK,un39,189.2352314643,13.18368462195,3,52664.08090278,486.71817,188
DARK-EARTH-CALIB,un40,189.2182310585,13.23594561898,3,58481.1479738773,102.934334,190
BIAS,un41,189.1664558226,13.35553140763,1,56254.195265706,0.0,191
DARK,un42,189.1664558226,13.35553140763,1,56254.1968512731,1040.0,192
BIAS,un43,189.218191681,13.23588375337,3,58481.1081805556,0.0,193
DARK,un44,189.1344671,13.09983342503,2,52664.0800585301,1000.0,194
EARTH-CALIB,un45,189.1346324559,13.09964221328,2,52664.1085307523,500.0,195
EARTH-CALIB,un46,189.1346324559,13.09964221328,2,52664.1161696412,160.0,196
EARTH-CALIB,un47,189.1346324559,13.09964221328,2,52664.1196418634,0.3,197
EARTH-CALIB,un48,189.1346324559,13.09964221328,2,52664.1217251968,0.18,198
EARTH-CALIB,un49,189.1342707797,13.09967237191,2,52664.175197419,500.0,199
EARTH-CALIB,un50,189.1342707797,13.09967237191,2,52664.1828363079,160.0,201
EARTH-CALIB,un51,189.1342707797,13.09967237191,2,52664.1863085301,0.3,202
EARTH-CALIB,un52,189.1342707797,13.09967237191,2,52664.1883918634,0.18,203
DARK,un53,189.1344361356,13.09948116028,2,52664.1508918634,1000.0,204
BIAS,un54,189.2204997911,13.2480449229,3,52016.6778778588,0.0,205
BIAS,un55,189.2204997911,13.2480449229,3,52016.6891508449,0.0,206
BIAS,un56,189.2204997911,13.2480449229,3,52016.6906786227,0.0,207
BIAS,un57,189.2204997911,13.2480449229,3,52016.6914889699,0.0,208
BIAS,un58,189.2204997911,13.2480449229,3,52016.6922064005,0.0,209
